LineNumber,LineType,OrderQuantity,InvoiceQuantity,UnitPrice,DiscountRate,LineTotal,Comments,TaxRate,LineTax,BCUnitPrice,SerialNumbers,BatchNumbers,Guid,LastModifiedOn,Parent_Guid,Product.Guid,Product.ProductCode,Product.ProductDescription
1,,30.0,30.0,124.95,0.0,3748.5,,0.15,562.28,131.6372,,,3af770b8-3e4c-4780-b965-54374b19d11e,/Date(1645829571576)/,68ad4da9-6052-4094-b330-e3abbf66404b,33a01adb-27ce-4bf3-8afe-8ec02b9fff26,SHELF,Bookshelf Shelf
2,,2.0,2.0,147.5,0.0,295.0,,0.15,44.25,155.394,,,234a79ef-0b23-46a5-a6fe-cabcf8c9fefc,/Date(1645829571576)/,68ad4da9-6052-4094-b330-e3abbf66404b,023150ee-a88a-447b-82a6-7ad01747007c,STAIN,Dark Wood Stain
3,,10.0,10.0,12.0,0.0,120.0,,0.15,18.0,12.6422,,,9b87af78-e69e-48d1-801d-43d60b300b7f,/Date(1645829571576)/,68ad4da9-6052-4094-b330-e3abbf66404b,e19583a8-bbfb-4081-b394-a548c09ccf81,COUCH2,2-Seater Couch
1,,20.0,20.0,999.0,0.0,19980.0,,0.15,2997.0,2247.9748,,,825ebce7-34f3-4fc4-baae-ecd7443390ba,/Date(1645743171576)/,80b852d3-63bf-4597-94ad-e05464c41414,83dcb93a-4b75-4b61-9dc3-7a8854d2e3b3,CHAIR,Lounge Chair
1,,10.0,10.0,1699.0,0.0,16990.0,,0.15,2548.5,1699.0,,,4e4bb2a2-3a05-459d-b52e-33aec3b7fc54,/Date(1645483971576)/,7f23b2d2-4df0-4a12-83bd-397b1d7d7667,7afc4bff-9e58-4c65-bbc5-d24240af4802,SIDE,Bookshelf Side
1,,12.0,12.0,147.5,0.0,1770.0,,0.0,0.0,147.5,,,bb905891-8790-4c24-acc7-85c00616a56c,/Date(1645311171576)/,cb75fbad-45ad-4877-852d-efd742288a1f,023150ee-a88a-447b-82a6-7ad01747007c,STAIN,Dark Wood Stain
1,,25.0,25.0,124.95,0.0,3123.75,,0.15,468.56,131.6372,,,7647b192-e021-48f7-89cf-42448bee7fae,/Date(1645051971576)/,7b0b680a-6171-4f73-aaba-759cf0c11e78,33a01adb-27ce-4bf3-8afe-8ec02b9fff26,SHELF,Bookshelf Shelf
1,,4.0,4.0,2499.99,0.0,9999.96,,0.15,1499.99,2499.99,,,5741bf59-39df-4641-bc56-4649e137ef59,/Date(1644879171576)/,f2781267-a56f-48f7-8433-fde26c0e410c,b4616bbd-eb50-4b23-92c0-dc63d8d9cd00,BOOKSHELF,Wooden Bookshelf
1,,8.0,8.0,2499.99,0.0,19999.92,,0.15,2999.99,2633.7863,,,197a6842-b4aa-43d7-bc40-85ce848d0c8d,/Date(1644619971576)/,1811986a-8934-4908-98be-4c9fb990bce9,b4616bbd-eb50-4b23-92c0-dc63d8d9cd00,BOOKSHELF,Wooden Bookshelf
1,,6.0,6.0,1699.0,0.0,10194.0,,0.0,0.0,1699.0,,,2f6c19b9-869b-4372-aee7-e9b65e5b325e,/Date(1644360771576)/,915ffac2-c9db-4a44-997c-35296625bec9,7afc4bff-9e58-4c65-bbc5-d24240af4802,SIDE,Bookshelf Side
1,,30.0,30.0,4.99,0.0,149.7,,0.15,22.46,7.4201,,,a3d62c83-4b74-4afd-9ed7-fefc14f5a890,/Date(1644015171576)/,1809058b-6671-4512-a46d-96d0e0b5b285,0e66193e-49b3-4ead-90ac-120c9bcf2e4e,SCREWS,Box of Screws
2,,12.0,12.0,99.99,0.0,1199.88,,0.15,179.98,148.684,,,06c2fd55-b22b-4c5c-a9e8-ab46b493c645,/Date(1644015171576)/,1809058b-6671-4512-a46d-96d0e0b5b285,2594edde-622a-42f4-b100-3afa783f288a,DINING, Dining Table
3,,5.0,5.0,147.5,0.0,737.5,,0.15,110.63,219.3309,,,d92c5d58-69ea-4ecd-b597-c8ded670550e,/Date(1644015171576)/,1809058b-6671-4512-a46d-96d0e0b5b285,023150ee-a88a-447b-82a6-7ad01747007c,STAIN,Dark Wood Stain
1,,20.0,20.0,999.0,0.0,19980.0,,0.15,2997.0,999.0,,,c6b38c43-98ee-4399-9eef-d86555934530,/Date(1643755971576)/,1b0209f4-a4c6-4642-8280-1086409a5cd6,83dcb93a-4b75-4b61-9dc3-7a8854d2e3b3,CHAIR,Lounge Chair
1,,6.0,6.0,147.5,0.0,885.0,,0.15,132.75,155.394,,,208d40c4-00fd-4d20-87ae-6514cad22efb,/Date(1643410371576)/,eb454522-7ef2-4fe9-a5f7-6e81ca2b8f9e,023150ee-a88a-447b-82a6-7ad01747007c,STAIN,Dark Wood Stain
2,,18.0,18.0,124.95,0.0,2249.1,,0.15,337.37,131.6372,,,3edcf1f0-0a1f-4c3a-84a0-317b180d262a,/Date(1643410371576)/,eb454522-7ef2-4fe9-a5f7-6e81ca2b8f9e,33a01adb-27ce-4bf3-8afe-8ec02b9fff26,SHELF,Bookshelf Shelf
1,,20.0,20.0,99.99,0.0,1999.8,,0.15,299.97,105.3413,,,f1bf1681-8a61-454d-89a6-f1fc8ac3989c,/Date(1643151171576)/,845475a6-2ddd-4a23-9150-8b93e20a2e71,2594edde-622a-42f4-b100-3afa783f288a,DINING, Dining Table
1,,35.0,35.0,124.95,0.0,4373.25,,0.15,655.99,281.1656,,,a8cb361c-007b-4e8b-916c-9f67b560f9c2,/Date(1642891971576)/,461819f3-5242-4da1-92aa-9a811e937235,33a01adb-27ce-4bf3-8afe-8ec02b9fff26,SHELF,Bookshelf Shelf
1,,8.0,8.0,2499.99,0.0,19999.92,,0.0,0.0,3717.4572,,,afae8c03-ffd8-4826-8d54-d408b26ecff3,/Date(1642719171576)/,e34efca0-0031-4b3e-989b-6da4eae38c6c,b4616bbd-eb50-4b23-92c0-dc63d8d9cd00,BOOKSHELF,Wooden Bookshelf
1,,10.0,10.0,2499.99,0.0,24999.9,,0.15,3749.99,5625.5401,,,fd8f2c67-021a-4144-b920-ae43370a68dc,/Date(1642200771576)/,3c2bbf1b-47d3-4d38-ae26-5a4238744f7c,b4616bbd-eb50-4b23-92c0-dc63d8d9cd00,BOOKSHELF,Wooden Bookshelf
1,,5.0,5.0,1699.0,0.0,8495.0,,0.15,1274.25,1789.9284,,,adf99eee-36fc-4c52-a898-1e9177141cf9,/Date(1641336771576)/,ca48bb8c-4b92-4395-8ae0-daf43fffa31c,7afc4bff-9e58-4c65-bbc5-d24240af4802,SIDE,Bookshelf Side
1,,4.0,4.0,1699.0,0.0,6796.0,,0.0,0.0,1699.0,,,a59d826f-5761-426f-ad3b-532d0081295b,/Date(1640559171576)/,4230721b-6118-4804-adcb-823480565a5e,7afc4bff-9e58-4c65-bbc5-d24240af4802,SIDE,Bookshelf Side
1,,3.0,3.0,2499.99,0.0,7499.97,,0.15,1125.0,2499.99,,,b4a13442-50c2-48e8-9db3-aaa1d94f9f48,/Date(1639954371576)/,2dc66bac-07f6-4d01-a912-4f54be21cb3e,b4616bbd-eb50-4b23-92c0-dc63d8d9cd00,BOOKSHELF,Wooden Bookshelf
2,,2.0,2.0,147.5,0.0,295.0,,0.15,44.25,147.5,,,c81203f1-19c3-4bef-99d4-0f57d4607c30,/Date(1639954371576)/,2dc66bac-07f6-4d01-a912-4f54be21cb3e,023150ee-a88a-447b-82a6-7ad01747007c,STAIN,Dark Wood Stain
3,,4.0,4.0,185.0,0.0,740.0,,0.15,111.0,185.0,,,2015221e-5b0e-45d1-b340-a349dda0bde5,/Date(1639954371576)/,2dc66bac-07f6-4d01-a912-4f54be21cb3e,1abaa214-cd71-4543-a3ad-bfa46b2b1114,COUCH3,3-Seater Couch
4,,10.0,10.0,124.95,0.0,1249.5,,0.15,187.43,124.95,,,3affa9df-52e1-40f1-8988-a2fa2cb21123,/Date(1639954371576)/,2dc66bac-07f6-4d01-a912-4f54be21cb3e,33a01adb-27ce-4bf3-8afe-8ec02b9fff26,SHELF,Bookshelf Shelf
1,,6.0,6.0,999.0,0.0,5994.0,,0.0,0.0,1485.5019,,,86c8ac8a-0928-4ca0-a232-ed1679635328,/Date(1639522371576)/,6f4b1bfb-c3f4-4b87-9b2d-58a351bd2e39,83dcb93a-4b75-4b61-9dc3-7a8854d2e3b3,CHAIR,Lounge Chair
1,,1.0,1.0,2499.99,0.0,2499.99,,0.15,375.0,3717.4572,,,25245dbb-9b0e-4d1f-9aea-93e19abbeabe,/Date(1638831171576)/,421ab767-acaf-46a1-a995-60bbc94b5b26,b4616bbd-eb50-4b23-92c0-dc63d8d9cd00,BOOKSHELF,Wooden Bookshelf
1,,6.0,6.0,147.5,0.0,885.0,,0.15,132.75,331.9082,,,90d3d2f1-d043-4387-91ad-e6359a5b68e6,/Date(1638485571576)/,e2a12aef-e8fe-45b5-9362-3ac134b0d595,023150ee-a88a-447b-82a6-7ad01747007c,STAIN,Dark Wood Stain
1,,50.0,50.0,124.95,0.0,6247.5,,0.15,937.13,124.95,,,3fd3b6b6-cd04-4a28-95dc-54c0f15460e1,/Date(1638139971576)/,c73b7f5d-aaf9-4954-a19d-95d54bda79a5,33a01adb-27ce-4bf3-8afe-8ec02b9fff26,SHELF,Bookshelf Shelf
1,,4.0,4.0,2499.99,0.0,9999.96,,0.15,1499.99,2499.99,,,1d4eacf8-74d0-442d-8dd1-c8d9c6bcdf39,/Date(1638053571576)/,df519b12-3719-4d3c-94ef-6a507241fd03,b4616bbd-eb50-4b23-92c0-dc63d8d9cd00,BOOKSHELF,Wooden Bookshelf
1,,26.0,26.0,124.95,0.0,3248.7,,0.0,0.0,185.7993,,,b71178c6-8e56-40db-82f3-72ecd268f684,/Date(1637621571576)/,70b0ea7e-796e-481d-87be-664f2e50700a,33a01adb-27ce-4bf3-8afe-8ec02b9fff26,SHELF,Bookshelf Shelf
1,,5.0,5.0,1699.0,0.0,8495.0,,0.15,1274.25,1789.9284,,,d6cb0c72-57fc-45c2-b891-5de858e20feb,/Date(1637535171576)/,0eb5065a-2f8c-4878-b6db-b00fa0b40faa,7afc4bff-9e58-4c65-bbc5-d24240af4802,SIDE,Bookshelf Side
1,,10.0,10.0,185.0,0.0,1850.0,,0.15,277.5,194.901,,,7fbd8ef5-2cd1-4cf5-92c0-932183cd54ae,/Date(1637189571576)/,f92f3753-2061-4361-8302-096ff0ce99ff,1abaa214-cd71-4543-a3ad-bfa46b2b1114,COUCH3,3-Seater Couch
1,,1.0,1.0,147.5,0.0,147.5,,0.0,0.0,219.3309,,,0d209644-5f7b-40f3-90b3-1f395de09efe,/Date(1636930371576)/,afbdd014-786c-4fd8-9eda-82374c2231c8,023150ee-a88a-447b-82a6-7ad01747007c,STAIN,Dark Wood Stain
1,,30.0,30.0,12.0,0.0,360.0,,0.0,0.0,17.8439,,,2ff59f3f-9ae7-4724-b3ad-8dfec8d157c6,/Date(1636843971576)/,3db43781-a4a5-42f7-a375-09646a94f420,e19583a8-bbfb-4081-b394-a548c09ccf81,COUCH2,2-Seater Couch
1,,1.0,1.0,2499.99,0.0,2499.99,,0.15,375.0,5625.5401,,,f659681a-c81f-4973-9064-487ab090170f,/Date(1636239171576)/,a1fcdb5c-d85c-495b-b1cc-e05c38f8dbb2,b4616bbd-eb50-4b23-92c0-dc63d8d9cd00,BOOKSHELF,Wooden Bookshelf
1,,4.0,4.0,999.0,0.0,3996.0,,0.15,599.4,1052.4652,,,e4d33175-5635-414a-9086-09124c356b23,/Date(1635720771576)/,0b6c5e62-9e88-48f3-885b-7b6d537a2bc5,83dcb93a-4b75-4b61-9dc3-7a8854d2e3b3,CHAIR,Lounge Chair
1,,3.0,3.0,1699.0,0.0,5097.0,,0.0,0.0,1699.0,,,7aa7168e-1168-4680-a0ca-3bdd80073974,/Date(1635547971576)/,98eb4309-96d3-4ac5-a48e-f56402c552a2,7afc4bff-9e58-4c65-bbc5-d24240af4802,SIDE,Bookshelf Side
1,,10.0,10.0,99.99,0.0,999.9,,0.0,0.0,148.684,,,c9d3784a-281c-4fec-afa0-d7d53f95ca7d,/Date(1635375171576)/,54a1f491-8cfa-4321-bf65-f5c570f31374,2594edde-622a-42f4-b100-3afa783f288a,DINING, Dining Table
1,,2.0,2.0,2499.99,0.0,4999.98,,0.15,750.0,2499.99,,,a4e42fb8-24c2-4729-b568-47165dfa3220,/Date(1634856771576)/,e56a28b0-00ca-47db-826e-c972fbac7e97,b4616bbd-eb50-4b23-92c0-dc63d8d9cd00,BOOKSHELF,Wooden Bookshelf
2,,30.0,30.0,124.95,0.0,3748.5,,0.15,562.28,124.95,,,992d4c61-4686-467d-b067-5b8a12f129e7,/Date(1634856771576)/,e56a28b0-00ca-47db-826e-c972fbac7e97,33a01adb-27ce-4bf3-8afe-8ec02b9fff26,SHELF,Bookshelf Shelf
3,,25.0,25.0,12.0,0.0,300.0,,0.15,45.0,12.0,,,1f49bb90-1910-4527-9ec1-01dc14ca03f2,/Date(1634856771576)/,e56a28b0-00ca-47db-826e-c972fbac7e97,e19583a8-bbfb-4081-b394-a548c09ccf81,COUCH2,2-Seater Couch
4,,2.0,2.0,147.5,0.0,295.0,,0.15,44.25,147.5,,,6f53c17f-f3d1-455d-b140-1bf968de8f20,/Date(1634856771576)/,e56a28b0-00ca-47db-826e-c972fbac7e97,023150ee-a88a-447b-82a6-7ad01747007c,STAIN,Dark Wood Stain
1,,25.0,25.0,4.99,0.0,124.75,,0.15,18.71,7.4201,,,0be8fb87-66c0-45ea-b0fe-e9479776d257,/Date(1634511171576)/,5650aea2-c402-47a5-b5dc-ede53bb61146,0e66193e-49b3-4ead-90ac-120c9bcf2e4e,SCREWS,Box of Screws
1,,35.0,35.0,124.95,0.0,4373.25,,0.15,655.99,281.1656,,,de014541-b90d-4088-a6cb-8404540e58de,/Date(1634079171576)/,b05e846d-79d0-46ea-bba5-f46ff2b738bf,33a01adb-27ce-4bf3-8afe-8ec02b9fff26,SHELF,Bookshelf Shelf
1,,8.0,8.0,185.0,0.0,1480.0,,0.0,0.0,185.0,,,ae02c101-49ff-4a0e-8768-476601d8a4ba,/Date(1633733571576)/,a4b487c0-9597-4d6e-b250-3adbc5af3c2c,1abaa214-cd71-4543-a3ad-bfa46b2b1114,COUCH3,3-Seater Couch
1,,3.0,3.0,999.0,0.0,2997.0,,0.15,449.55,1052.4652,,,d43f8efe-1f9c-4c57-81fc-4fe12059eec7,/Date(1633301571576)/,57412d93-6150-45ea-bd1d-cca2d3c271dd,83dcb93a-4b75-4b61-9dc3-7a8854d2e3b3,CHAIR,Lounge Chair
1,,30.0,30.0,25.0,0.0,750.0,,0.15,112.5,25.0,,,337d5f89-8e26-485f-9ed2-7a84f96b6f63,/Date(1633042371576)/,57491764-0c9f-4f89-b1cb-a64efe6188f2,5ae34c27-1635-41c5-b68f-864d46cf94d0,NAIL-S,Small Nails
2,,35.0,35.0,25.0,0.0,875.0,,0.15,131.25,25.0,,,7ba7878c-42a1-4676-9aab-c98a318e3bdc,/Date(1633042371576)/,57491764-0c9f-4f89-b1cb-a64efe6188f2,e9b54fba-a319-4687-b58b-6bb239e718e6,NAIL-M,Medium Nails
3,,32.0,32.0,25.0,0.0,800.0,,0.15,120.0,25.0,,,51faa81f-10d4-44cf-b7a9-4fedccf78479,/Date(1633042371576)/,57491764-0c9f-4f89-b1cb-a64efe6188f2,fc75cbc1-a373-4b84-b9d8-101a48fe5169,NAIL-L,Large Nails
1,,3.0,3.0,1699.0,0.0,5097.0,,0.15,764.55,1789.9284,,,0c12b62a-9d19-414d-a61c-1694154f6000,/Date(1632955971576)/,c8b734fc-5491-42ad-bfac-60b66df9a458,7afc4bff-9e58-4c65-bbc5-d24240af4802,SIDE,Bookshelf Side
1,,20.0,20.0,124.95,0.0,2499.0,,0.15,374.85,131.6372,,,6cff87c3-4b11-4f3f-ba89-0cc5c36bb1b9,/Date(1632437571576)/,4eae9edc-6c2c-4e62-96d2-4ca5aaf9892c,33a01adb-27ce-4bf3-8afe-8ec02b9fff26,SHELF,Bookshelf Shelf
1,,20.0,20.0,99.99,0.0,1999.8,,0.0,0.0,148.684,,,6f069bc9-5c2d-4127-a7ea-45f3d559a9f2,/Date(1632005571576)/,150fc590-d7d7-4937-90f7-3f3ada280e59,2594edde-622a-42f4-b100-3afa783f288a,DINING, Dining Table
1,,2.0,2.0,2499.99,0.0,4999.98,,0.15,750.0,2499.99,,,b2c7e76c-fbfb-495f-adc6-0a9a47e5662e,/Date(1631746371576)/,7e2ae35c-f3d5-43f1-b5e2-930b6f7df0fa,b4616bbd-eb50-4b23-92c0-dc63d8d9cd00,BOOKSHELF,Wooden Bookshelf
1,,2.0,2.0,25.0,0.0,50.0,,0.0,0.0,37.1747,,,f9a902b6-06c8-45d6-94fb-ca5706443300,/Date(1631227971576)/,a8a053a5-ebc6-4300-a7a4-f3ff1d674603,e9b54fba-a319-4687-b58b-6bb239e718e6,NAIL-M,Medium Nails
1,,10.0,10.0,12.0,0.0,120.0,,0.15,18.0,27.0027,,,0cfbe8dd-7987-49eb-8910-997d71754cca,/Date(1630623171576)/,290878bc-f89c-40e3-9f9c-79e7136a81f8,e19583a8-bbfb-4081-b394-a548c09ccf81,COUCH2,2-Seater Couch
1,,230.0,230.0,14.99,0.0,3447.7,,0.15,517.16,33.7309,,,7626c536-c928-42cb-83f6-cad7b1d050ec,/Date(1630536771576)/,025f8d34-6d42-4999-b0be-ba7efff3d5c8,8deba181-0010-479a-a0d3-5b753c57e659,GLUE,Furniture Assembly Glue
1,,3.0,3.0,999.0,0.0,2997.0,,0.0,0.0,999.0,,,e723528e-e1eb-4c0e-99a3-d185313e2f4f,/Date(1630104771576)/,06b15e09-8c49-4982-a924-4415cd97b529,83dcb93a-4b75-4b61-9dc3-7a8854d2e3b3,CHAIR,Lounge Chair
1,,1.0,1.0,25.0,0.0,25.0,,0.15,3.75,37.1747,,,7add9e01-b71d-449b-8081-be8d2852c718,/Date(1629759171576)/,bdbc6c11-aa01-4ae7-a8d4-243f4c2e8005,e9b54fba-a319-4687-b58b-6bb239e718e6,NAIL-M,Medium Nails
1,,1.0,1.0,2499.99,0.0,2499.99,,0.15,375.0,2499.99,,,04158687-e2b2-4f88-9baa-c6b445c1e336,/Date(1629499971576)/,7d19fe15-ef12-4bbb-887a-ac56bec577f3,b4616bbd-eb50-4b23-92c0-dc63d8d9cd00,BOOKSHELF,Wooden Bookshelf
1,,16.0,16.0,124.95,0.0,1999.2,,0.15,299.88,131.6372,,,29293f1e-b96a-41b8-a90f-682f252f15c8,/Date(1629499971576)/,21b92bac-1614-4360-81a9-1235a0c269e4,33a01adb-27ce-4bf3-8afe-8ec02b9fff26,SHELF,Bookshelf Shelf
1,,1.0,1.0,147.5,0.0,147.5,,0.15,22.13,155.394,,,47085a74-46c0-4e79-a79c-3442880c02f3,/Date(1628981571576)/,4f40977d-198a-41b1-be79-c64ef20b6ee3,023150ee-a88a-447b-82a6-7ad01747007c,STAIN,Dark Wood Stain
2,,30.0,30.0,12.0,0.0,360.0,,0.15,54.0,12.6422,,,2f9392fe-8a40-4b54-8d4a-f4eac640defc,/Date(1628981571576)/,4f40977d-198a-41b1-be79-c64ef20b6ee3,e19583a8-bbfb-4081-b394-a548c09ccf81,COUCH2,2-Seater Couch
3,,15.0,15.0,124.95,0.0,1874.25,,0.15,281.14,131.6372,,,65424e22-ae14-4dd1-bf63-72bf4370684f,/Date(1628981571576)/,4f40977d-198a-41b1-be79-c64ef20b6ee3,33a01adb-27ce-4bf3-8afe-8ec02b9fff26,SHELF,Bookshelf Shelf
4,,2.0,2.0,25.0,0.0,50.0,,0.15,7.5,26.338,,,efb47508-1346-43c9-943d-8124b2d73a06,/Date(1628981571576)/,4f40977d-198a-41b1-be79-c64ef20b6ee3,e9b54fba-a319-4687-b58b-6bb239e718e6,NAIL-M,Medium Nails
1,,30.0,30.0,124.95,0.0,3748.5,,0.15,562.28,124.95,,,27fc393a-4268-4cf3-89eb-097aa8025209,/Date(1628635971576)/,ec42d7a5-e095-437d-839f-3a4a69c0b0c3,33a01adb-27ce-4bf3-8afe-8ec02b9fff26,SHELF,Bookshelf Shelf
1,,2.0,2.0,2499.99,0.0,4999.98,,0.15,750.0,2633.7863,,,41126e97-751d-4bd6-99a1-4184043b5531,/Date(1628117571576)/,0382d4f2-5ada-419c-992a-6feb070f1cac,b4616bbd-eb50-4b23-92c0-dc63d8d9cd00,BOOKSHELF,Wooden Bookshelf
1,,25.0,25.0,124.95,0.0,3123.75,,0.15,468.56,281.1656,,,ea0d05f3-bf3c-4dab-8f9d-1267fa5ce0ff,/Date(1627339971576)/,b8fa7e96-e088-4cb6-acc8-ccd21c4839ce,33a01adb-27ce-4bf3-8afe-8ec02b9fff26,SHELF,Bookshelf Shelf
1,,30.0,30.0,12.0,0.0,360.0,,0.0,0.0,12.0,,,d016fe36-e0ef-41e5-a48a-0cfffbffa9c3,/Date(1626735171576)/,8014ac15-678c-4afb-aa28-31afcabd464c,e19583a8-bbfb-4081-b394-a548c09ccf81,COUCH2,2-Seater Couch
1,,3.0,3.0,999.0,0.0,2997.0,,0.15,449.55,2247.9748,,,523aac60-dcd5-4174-b1af-b7458e40ec0e,/Date(1626130371576)/,e021bc34-832d-4684-877f-8e451dac1a1b,83dcb93a-4b75-4b61-9dc3-7a8854d2e3b3,CHAIR,Lounge Chair
1,,20.0,20.0,4.99,0.0,99.8,,0.15,14.97,7.4201,,,1f1ed235-d92a-4520-9057-8a64ee922573,/Date(1625871171576)/,a7958e51-a6fc-4bd9-b1a9-759e83e98e77,0e66193e-49b3-4ead-90ac-120c9bcf2e4e,SCREWS,Box of Screws
1,,2.0,2.0,185.0,0.0,370.0,,0.0,0.0,275.0929,,,ba594368-9636-4ed1-b9e9-512e3db606d2,/Date(1625525571576)/,372e4295-2f07-457c-ac93-4b0e743b66f5,1abaa214-cd71-4543-a3ad-bfa46b2b1114,COUCH3,3-Seater Couch
2,,1.0,1.0,99.99,0.0,99.99,,0.0,0.0,148.684,,,5d9825f3-2a3d-4741-9136-014ed4485f37,/Date(1625525571576)/,372e4295-2f07-457c-ac93-4b0e743b66f5,2594edde-622a-42f4-b100-3afa783f288a,DINING, Dining Table
1,,3.0,3.0,147.5,0.0,442.5,,0.15,66.38,155.394,,,0f969463-e812-4826-95da-11cd31c4b4c6,/Date(1625093571576)/,ee7b9cff-e936-41fa-84c3-9e3af0606404,023150ee-a88a-447b-82a6-7ad01747007c,STAIN,Dark Wood Stain
1,,10.0,10.0,99.99,0.0,999.9,,0.15,149.99,225.0,,,88c8233b-2e41-4bfb-8382-98c1ab3a4ad3,/Date(1624488771576)/,e0ae70a6-230c-4a11-9f31-aa2351222ebb,2594edde-622a-42f4-b100-3afa783f288a,DINING, Dining Table
1,,22.0,22.0,124.95,0.0,2748.9,,0.15,412.34,131.6372,,,2702281a-8175-4979-9cca-cc353e7606e8,/Date(1624229571576)/,5fc8a014-87ed-403d-87c7-22d047d2971a,33a01adb-27ce-4bf3-8afe-8ec02b9fff26,SHELF,Bookshelf Shelf
2,,15.0,15.0,12.0,0.0,180.0,,0.15,27.0,12.6422,,,4ec2d38a-d4e4-4af1-b936-bdac55f2ed67,/Date(1624229571576)/,5fc8a014-87ed-403d-87c7-22d047d2971a,e19583a8-bbfb-4081-b394-a548c09ccf81,COUCH2,2-Seater Couch
1,,2.0,2.0,2499.99,0.0,4999.98,,0.15,750.0,2633.7863,,,01eaba4a-d04d-41c7-a2eb-953da6f4ed4c,/Date(1623192771576)/,a7961119-d02c-42db-9d9e-fd0b32b65e69,b4616bbd-eb50-4b23-92c0-dc63d8d9cd00,BOOKSHELF,Wooden Bookshelf
1,,2.0,2.0,999.0,0.0,1998.0,,0.0,0.0,1485.5019,,,555e5b9a-bcc4-4bd5-b515-f7d6e55fa751,/Date(1622847171576)/,722bbca6-dcb4-42a2-abfa-238262a1e3ed,83dcb93a-4b75-4b61-9dc3-7a8854d2e3b3,CHAIR,Lounge Chair
1,,25.0,25.0,25.0,0.0,625.0,,0.15,93.75,25.0,,,5935c358-91ce-4727-b393-6f2fde5876f8,/Date(1622587971576)/,03c868ac-79ea-421a-ae15-50b59814ec36,fc75cbc1-a373-4b84-b9d8-101a48fe5169,NAIL-L,Large Nails
1,,20.0,20.0,124.95,0.0,2499.0,,0.15,374.85,124.95,,,e3484dfc-8619-4c78-a8d6-bcca665c8326,/Date(1622242371576)/,b9bbf1cc-6825-4c0f-9c2b-275f496e666a,33a01adb-27ce-4bf3-8afe-8ec02b9fff26,SHELF,Bookshelf Shelf
2,,4.0,4.0,185.0,0.0,740.0,,0.15,111.0,185.0,,,fc1bf287-9a11-4f14-9fb9-fe6411155c8c,/Date(1622242371576)/,b9bbf1cc-6825-4c0f-9c2b-275f496e666a,1abaa214-cd71-4543-a3ad-bfa46b2b1114,COUCH3,3-Seater Couch
3,,20.0,20.0,12.0,0.0,240.0,,0.15,36.0,12.0,,,e1e6cb6a-c063-4d1b-8f2c-97cbc6efc04a,/Date(1622242371576)/,b9bbf1cc-6825-4c0f-9c2b-275f496e666a,e19583a8-bbfb-4081-b394-a548c09ccf81,COUCH2,2-Seater Couch
1,,3.0,3.0,185.0,0.0,555.0,,0.15,83.25,416.2916,,,30a084be-f5bb-4e1f-8978-01d5502a5e98,/Date(1621637571576)/,3055a7ae-84b2-4553-af3c-020f0f812a6a,1abaa214-cd71-4543-a3ad-bfa46b2b1114,COUCH3,3-Seater Couch
2,,10.0,10.0,24.95,0.0,249.5,,0.15,37.43,56.1431,,,e3e37361-2e7b-4fc4-8f52-9297fdb7f1fa,/Date(1621637571576)/,3055a7ae-84b2-4553-af3c-020f0f812a6a,3f2489d7-fd00-417a-a983-0765ec40e43b,DININGCHAIR,Dining Chair
3,,80.0,80.0,14.99,0.0,1199.2,,0.15,179.88,33.7309,,,e0336b36-5148-4675-808e-04efa4f5059f,/Date(1621637571576)/,3055a7ae-84b2-4553-af3c-020f0f812a6a,8deba181-0010-479a-a0d3-5b753c57e659,GLUE,Furniture Assembly Glue
1,,10.0,10.0,12.0,0.0,120.0,,0.15,18.0,12.6422,,,30d39e8f-5353-4f8d-9f48-0d8b1fafeb3d,/Date(1620773571576)/,0a8a22f3-fcfe-46bf-a63f-cc9c58d59e45,e19583a8-bbfb-4081-b394-a548c09ccf81,COUCH2,2-Seater Couch
1,,2.0,2.0,147.5,0.0,295.0,,0.0,0.0,147.5,,,78f514a5-b6e9-4df3-8b29-69734073ae8b,/Date(1620427971576)/,69067525-40df-43db-819d-2996f5c461b5,023150ee-a88a-447b-82a6-7ad01747007c,STAIN,Dark Wood Stain
1,,10.0,10.0,99.99,0.0,999.9,,0.15,149.99,105.3413,,,ea6b9e00-e25e-4e6b-b3dc-7bd5dfcb3642,/Date(1619823171576)/,521fe004-074e-4087-9995-2210c990ae99,2594edde-622a-42f4-b100-3afa783f288a,DINING, Dining Table
1,,10.0,10.0,185.0,0.0,1850.0,,0.15,277.5,194.901,,,751eb142-1561-46fb-8be6-c78dfa9315ca,/Date(1619477571576)/,a95a190e-5601-440f-8c83-9c7872a46765,1abaa214-cd71-4543-a3ad-bfa46b2b1114,COUCH3,3-Seater Couch
1,,1.0,1.0,2499.99,0.0,2499.99,,0.15,375.0,5625.5401,,,e7441f89-509e-49d9-99e7-db985f71208c,/Date(1619131971576)/,52c825dc-e2c9-4898-8bb8-349ccdba3c68,b4616bbd-eb50-4b23-92c0-dc63d8d9cd00,BOOKSHELF,Wooden Bookshelf
1,,20.0,20.0,124.95,0.0,2499.0,,0.15,374.85,185.7993,,,ff3e3278-a320-4af7-b641-a5931774244a,/Date(1618699971576)/,7f595576-44f7-4c77-838c-7a2ede275f7f,33a01adb-27ce-4bf3-8afe-8ec02b9fff26,SHELF,Bookshelf Shelf
1,,15.0,15.0,124.95,0.0,1874.25,,0.0,0.0,185.7993,,,18074960-adba-4f8e-a690-dbdaa5f7f4a4,/Date(1618181571576)/,452376ba-8302-4d03-84b0-8a98658329e5,33a01adb-27ce-4bf3-8afe-8ec02b9fff26,SHELF,Bookshelf Shelf
1,,2.0,2.0,999.0,0.0,1998.0,,0.15,299.7,999.0,,,ef07829d-c940-4d20-8bd1-c16d0cb16d0b,/Date(1617663171576)/,57db1b13-5491-44c7-9dad-fff3a315a0e7,83dcb93a-4b75-4b61-9dc3-7a8854d2e3b3,CHAIR,Lounge Chair
1,,4.0,4.0,147.5,0.0,590.0,,0.15,88.5,331.9082,,,f5c1c552-d7aa-4880-8d08-1bb38c85b1a6,/Date(1617231171576)/,2832e8ba-8440-4da4-82f6-60ce27982081,023150ee-a88a-447b-82a6-7ad01747007c,STAIN,Dark Wood Stain
1,,1.0,1.0,2499.99,0.0,2499.99,,0.15,375.0,2633.7863,,,467c9ce8-0194-44aa-9cbb-3b30551b0314,/Date(1616971971576)/,d69b6057-9071-4275-befc-b794274a85a3,b4616bbd-eb50-4b23-92c0-dc63d8d9cd00,BOOKSHELF,Wooden Bookshelf
1,,20.0,20.0,124.95,0.0,2499.0,,0.15,374.85,124.95,,,e7a42581-590b-4c57-8fe1-340b3fdb5089,/Date(1616367171576)/,3db1b04e-28c4-49b4-80b3-516da36d1f73,33a01adb-27ce-4bf3-8afe-8ec02b9fff26,SHELF,Bookshelf Shelf
1,,3.0,3.0,185.0,0.0,555.0,,0.0,0.0,185.0,,,ff3fe616-c075-4138-a8f4-1d2d00968b98,/Date(1615848771576)/,d9e7aaa6-1f5f-41db-b8e5-361cb2a5ba2d,1abaa214-cd71-4543-a3ad-bfa46b2b1114,COUCH3,3-Seater Couch
1,,12.0,12.0,99.99,0.0,1199.88,,0.0,0.0,148.684,,,855ea63b-da62-4a37-974d-a1f0ac23d404,/Date(1615675971576)/,1c24dc27-e150-4b87-87fd-d482a2f6bb20,2594edde-622a-42f4-b100-3afa783f288a,DINING, Dining Table
1,,10.0,10.0,4.99,0.0,49.9,,0.15,7.49,7.4201,,,28232f06-71f7-4911-a4a6-e5738f05c5da,/Date(1615071171576)/,9888612e-5eea-4995-8727-2fbe9f8dcdd2,0e66193e-49b3-4ead-90ac-120c9bcf2e4e,SCREWS,Box of Screws
2,,1.0,1.0,2499.99,0.0,2499.99,,0.15,375.0,3717.4572,,,ed80e0d3-f82c-40ee-8b30-cb7353c52b0e,/Date(1615071171576)/,9888612e-5eea-4995-8727-2fbe9f8dcdd2,b4616bbd-eb50-4b23-92c0-dc63d8d9cd00,BOOKSHELF,Wooden Bookshelf
3,,10.0,10.0,124.95,0.0,1249.5,,0.15,187.43,185.7993,,,3898630c-398b-4fcf-819f-16c87e53050d,/Date(1615071171576)/,9888612e-5eea-4995-8727-2fbe9f8dcdd2,33a01adb-27ce-4bf3-8afe-8ec02b9fff26,SHELF,Bookshelf Shelf
1,,3.0,3.0,25.0,0.0,75.0,,0.0,0.0,25.0,,,a4c72d60-dbe2-42dd-894f-c371eda03015,/Date(1614811971576)/,3baaa65d-d542-4803-85c0-573044c24a0a,5ae34c27-1635-41c5-b68f-864d46cf94d0,NAIL-S,Small Nails
1,,10.0,10.0,24.95,0.0,249.5,,0.15,37.43,26.2853,,,1995f870-a53a-47c8-a7b7-6802aa6b5ef8,/Date(1614034371576)/,3fd93598-78f2-4ca3-9296-27ea7d2f493b,3f2489d7-fd00-417a-a983-0765ec40e43b,DININGCHAIR,Dining Chair
1,,5.0,5.0,185.0,0.0,925.0,,0.15,138.75,194.901,,,346ba335-97b1-4cce-8441-b700c725b869,/Date(1613515971576)/,fb5b573b-8d6c-4d3d-974c-d32bc3cfb028,1abaa214-cd71-4543-a3ad-bfa46b2b1114,COUCH3,3-Seater Couch
1,,10.0,10.0,147.5,0.0,1475.0,,0.15,221.25,331.9082,,,d7cae509-d9ec-4d3a-924c-99f561c0e8a9,/Date(1612997571576)/,09f8285d-3c2a-4a53-b62e-9f43cfa24993,023150ee-a88a-447b-82a6-7ad01747007c,STAIN,Dark Wood Stain
1,,2.0,2.0,999.0,0.0,1998.0,,0.0,0.0,999.0,,,76fd2dd1-1fca-4603-9b5f-5a610b7f4dc8,/Date(1612479171576)/,a1eff239-671f-43f7-b4b3-f38b1ea80947,83dcb93a-4b75-4b61-9dc3-7a8854d2e3b3,CHAIR,Lounge Chair
1,,20.0,20.0,124.95,0.0,2499.0,,0.15,374.85,124.95,,,ee8305e8-1841-4bae-9d81-d07323cbe760,/Date(1612133571576)/,101381fd-d761-4f91-9b04-bce712811b34,33a01adb-27ce-4bf3-8afe-8ec02b9fff26,SHELF,Bookshelf Shelf
2,,20.0,20.0,12.0,0.0,240.0,,0.15,36.0,12.0,,,136f5246-83ce-4eb2-84a0-0478b9e05cd6,/Date(1612133571576)/,101381fd-d761-4f91-9b04-bce712811b34,e19583a8-bbfb-4081-b394-a548c09ccf81,COUCH2,2-Seater Couch
1,,30.0,30.0,124.95,0.0,3748.5,,0.0,0.0,185.7993,,,46f74d50-4134-4d26-943f-4a08c55dc05f,/Date(1611355971576)/,75676d2c-f4d0-4862-b20a-b0edc1851f97,33a01adb-27ce-4bf3-8afe-8ec02b9fff26,SHELF,Bookshelf Shelf
1,,6.0,6.0,24.95,0.0,149.7,,0.15,22.46,56.1431,,,55136b54-2f1c-4af1-9ad2-179dddd2f822,/Date(1610146371576)/,51c17572-ef6a-465a-9577-1e662571898c,3f2489d7-fd00-417a-a983-0765ec40e43b,DININGCHAIR,Dining Chair
1,,15.0,15.0,12.0,0.0,180.0,,0.15,27.0,12.6422,,,9dde5632-98e7-4c44-b45f-57748cad4bfb,/Date(1609541571576)/,2152c60c-78a3-48e3-b136-cbe031614bb3,e19583a8-bbfb-4081-b394-a548c09ccf81,COUCH2,2-Seater Couch
1,,3.0,3.0,185.0,0.0,555.0,,0.15,83.25,185.0,,,62899e70-9ec0-4c1e-8838-a2f7f1902fca,/Date(1608936771576)/,19b4a38c-7882-4fa5-873e-11a7daa6326e,1abaa214-cd71-4543-a3ad-bfa46b2b1114,COUCH3,3-Seater Couch
1,,160.0,160.0,14.99,0.0,2398.4,,0.0,0.0,22.29,,,4700f1ed-1341-4cfc-b859-0355f9fee68b,/Date(1608331971576)/,faedcf49-90f4-468d-8044-4fe755f57f06,8deba181-0010-479a-a0d3-5b753c57e659,GLUE,Furniture Assembly Glue
1,,10.0,10.0,25.0,0.0,250.0,,0.15,37.5,26.338,,,d0a84930-9f8c-4247-8537-8e55ebdf044c,/Date(1607986371576)/,0298973a-561c-4034-9a2d-c70557548b03,5ae34c27-1635-41c5-b68f-864d46cf94d0,NAIL-S,Small Nails
2,,10.0,10.0,25.0,0.0,250.0,,0.15,37.5,26.338,,,600ccfcc-3dc2-48d0-833f-a0e62e5b569c,/Date(1607986371576)/,0298973a-561c-4034-9a2d-c70557548b03,e9b54fba-a319-4687-b58b-6bb239e718e6,NAIL-M,Medium Nails
3,,10.0,10.0,25.0,0.0,250.0,,0.15,37.5,26.338,,,699f46ef-422d-41d3-89ac-360f723cc928,/Date(1607986371576)/,0298973a-561c-4034-9a2d-c70557548b03,fc75cbc1-a373-4b84-b9d8-101a48fe5169,NAIL-L,Large Nails
1,,5.0,5.0,4.99,0.0,24.95,,0.15,3.74,7.4201,,,087db00b-4ed0-42c7-8108-7233b0bf3d68,/Date(1607295171576)/,39ea1378-8e89-4425-b0b4-5a2919ce9569,0e66193e-49b3-4ead-90ac-120c9bcf2e4e,SCREWS,Box of Screws
1,,20.0,20.0,12.0,0.0,240.0,,0.0,0.0,12.0,,,e3e167c3-2612-4a1b-899d-ddec5242b34f,/Date(1606949571576)/,fe27db08-1776-4fcf-9b20-87b7f84a174c,e19583a8-bbfb-4081-b394-a548c09ccf81,COUCH2,2-Seater Couch
1,,2.0,2.0,999.0,0.0,1998.0,,0.15,299.7,2247.9748,,,c89a9080-9bd8-4934-9e1d-b2eee87ec144,/Date(1606603971576)/,094a70a3-5a92-4dcf-a1fa-ecd4acc3ded1,83dcb93a-4b75-4b61-9dc3-7a8854d2e3b3,CHAIR,Lounge Chair
1,,1.0,1.0,2499.99,0.0,2499.99,,0.15,375.0,2499.99,,,a0c8a05a-2f8a-4e10-b639-e210b7f9abce,/Date(1605912771576)/,db2683dd-7ce4-4dae-86b1-9710e9cd0857,b4616bbd-eb50-4b23-92c0-dc63d8d9cd00,BOOKSHELF,Wooden Bookshelf
1,,25.0,25.0,124.95,0.0,3123.75,,0.0,0.0,185.7993,,,ce16fc40-9682-48cc-ad1b-3d9be00881a0,/Date(1605135171576)/,04c5135f-b386-42a3-bb1e-3316683c3bc1,33a01adb-27ce-4bf3-8afe-8ec02b9fff26,SHELF,Bookshelf Shelf
1,,2.0,2.0,24.95,0.0,49.9,,0.15,7.49,56.1431,,,4194d7f0-32f4-430c-ad3f-51c0661075ff,/Date(1604443971576)/,f56be6a8-5ad4-4bf2-b1ee-0962257077c6,3f2489d7-fd00-417a-a983-0765ec40e43b,DININGCHAIR,Dining Chair
1,,2.0,2.0,99.99,0.0,199.98,,0.15,30.0,105.3413,,,2ae4dbe7-63c5-4846-b318-3d72b5cfb8bc,/Date(1603925571576)/,90ff6cc4-afa0-4d73-820f-6667ea6c35fe,2594edde-622a-42f4-b100-3afa783f288a,DINING, Dining Table
1,,5.0,5.0,99.99,0.0,499.95,,0.15,74.99,105.3413,,,69707bf9-2c8f-4afe-84b9-86000ee0ba9d,/Date(1603407171576)/,615f0440-8e7c-42de-af0e-1907922ef916,2594edde-622a-42f4-b100-3afa783f288a,DINING, Dining Table
1,,20.0,20.0,25.0,0.0,500.0,,0.15,75.0,25.0,,,dc777c9b-bf99-4898-8963-e55ccd43b660,/Date(1602802371576)/,e6473973-b6e1-4b0a-b90a-3d83bf5db90d,e9b54fba-a319-4687-b58b-6bb239e718e6,NAIL-M,Medium Nails
1,,4.0,4.0,24.95,0.0,99.8,,0.15,14.97,26.2853,,,34420747-8123-4273-a9b9-810041ef2be6,/Date(1602543171576)/,4a9dd602-8ce1-4f30-ae71-74e85259fd09,3f2489d7-fd00-417a-a983-0765ec40e43b,DININGCHAIR,Dining Chair
1,,2.0,2.0,99.99,0.0,199.98,,0.0,0.0,148.684,,,18589b7b-b97e-4716-9ae8-b81bcc2f6f2c,/Date(1602543171576)/,666f081c-6711-42c9-a3d6-8298d4ed2352,2594edde-622a-42f4-b100-3afa783f288a,DINING, Dining Table
1,,15.0,15.0,12.0,0.0,180.0,,0.0,0.0,12.0,,,13c9b8af-b89d-40fb-98ff-5b5b4a6900bf,/Date(1601851971576)/,d5f39c4c-36bd-4efa-9602-9017deb24e5f,e19583a8-bbfb-4081-b394-a548c09ccf81,COUCH2,2-Seater Couch
2,,25.0,25.0,124.95,0.0,3123.75,,0.0,0.0,124.95,,,841ab86a-912b-4ea5-9b6c-956f59056775,/Date(1601851971576)/,d5f39c4c-36bd-4efa-9602-9017deb24e5f,33a01adb-27ce-4bf3-8afe-8ec02b9fff26,SHELF,Bookshelf Shelf
3,,1.0,1.0,147.5,0.0,147.5,,0.0,0.0,147.5,,,145a2ee2-41ed-474d-a8e3-a22f7c10cc77,/Date(1601851971576)/,d5f39c4c-36bd-4efa-9602-9017deb24e5f,023150ee-a88a-447b-82a6-7ad01747007c,STAIN,Dark Wood Stain
4,,1.0,1.0,999.0,0.0,999.0,,0.0,0.0,999.0,,,1f24bbdf-ec7e-40f3-8a3e-38ff68a938fe,/Date(1601851971576)/,d5f39c4c-36bd-4efa-9602-9017deb24e5f,83dcb93a-4b75-4b61-9dc3-7a8854d2e3b3,CHAIR,Lounge Chair
1,,1.0,1.0,2499.99,0.0,2499.99,,0.0,0.0,3717.4572,,,cb17808a-790b-4c33-9423-802e18cdd732,/Date(1600728771576)/,28c16349-c68c-47e3-be4b-27a30986b0ae,b4616bbd-eb50-4b23-92c0-dc63d8d9cd00,BOOKSHELF,Wooden Bookshelf
1,,5.0,5.0,25.0,0.0,125.0,,0.15,18.75,56.2556,,,7e2d25d8-3c72-4c0d-931c-66705188d3a9,/Date(1600037571576)/,987c9983-f78d-41d9-a179-dd2a9b9a82ed,e9b54fba-a319-4687-b58b-6bb239e718e6,NAIL-M,Medium Nails
1,,4.0,4.0,185.0,0.0,740.0,,0.15,111.0,194.901,,,6dfbe949-a389-489b-b55d-374b91e9e140,/Date(1599346371576)/,d9915cfc-0ced-42b5-9353-ba1111b316dd,1abaa214-cd71-4543-a3ad-bfa46b2b1114,COUCH3,3-Seater Couch
1,,1.0,1.0,999.0,0.0,999.0,,0.15,149.85,999.0,,,44b2f399-7196-4ef2-9614-ca78f3b5233e,/Date(1598482371576)/,36ecab7e-7bfb-4817-8d4f-777941c2c25c,83dcb93a-4b75-4b61-9dc3-7a8854d2e3b3,CHAIR,Lounge Chair
1,,4.0,4.0,99.99,0.0,399.96,,0.15,59.99,225.0,,,07aacdcc-fd92-424c-acb0-dbb37366b3d9,/Date(1598050371576)/,59e27d47-a944-4935-b468-229753f8cf72,2594edde-622a-42f4-b100-3afa783f288a,DINING, Dining Table
1,,5.0,5.0,4.99,0.0,24.95,,0.15,3.74,7.4201,,,9a857617-41b4-4f3e-b2c0-3ed9a19ca6af,/Date(1597963971576)/,0fbac213-478a-4839-8670-3e3829da9a3b,0e66193e-49b3-4ead-90ac-120c9bcf2e4e,SCREWS,Box of Screws
2,,15.0,15.0,12.0,0.0,180.0,,0.15,27.0,17.8439,,,2b1eae1a-451a-46fb-81a7-4eb9b5cf2d40,/Date(1597963971576)/,0fbac213-478a-4839-8670-3e3829da9a3b,e19583a8-bbfb-4081-b394-a548c09ccf81,COUCH2,2-Seater Couch
1,,2.0,2.0,185.0,0.0,370.0,,0.0,0.0,275.0929,,,72c60b65-9947-4414-9117-24e9330883ea,/Date(1597445571576)/,5d7ecb29-528d-4639-a0ab-086cda13b263,1abaa214-cd71-4543-a3ad-bfa46b2b1114,COUCH3,3-Seater Couch
1,,120.0,120.0,14.99,0.0,1798.8,,0.15,269.82,33.7309,,,afec8429-c3f1-4ded-a05e-b05021fc79f8,/Date(1596667971576)/,68509b0d-923a-49e3-adf9-08c465f8496b,8deba181-0010-479a-a0d3-5b753c57e659,GLUE,Furniture Assembly Glue
1,,1.0,1.0,1699.0,0.0,1699.0,,0.15,254.85,1789.9284,,,6a3418a7-6bf3-4983-984f-cf6fa683f168,/Date(1595890371576)/,f48c441c-c5c4-4f60-9e23-455e3f5d9044,7afc4bff-9e58-4c65-bbc5-d24240af4802,SIDE,Bookshelf Side
1,,1.0,1.0,24.95,0.0,24.95,,0.0,0.0,24.95,,,385627d1-824d-4300-8de8-a352c8028d2d,/Date(1595458371576)/,dabfc1ae-ff20-4f02-86f4-8bf6a71d667c,3f2489d7-fd00-417a-a983-0765ec40e43b,DININGCHAIR,Dining Chair
2,,1.0,1.0,99.99,0.0,99.99,,0.0,0.0,99.99,,,6fd92956-37db-4cf3-9e38-d63f18bdada0,/Date(1595458371576)/,dabfc1ae-ff20-4f02-86f4-8bf6a71d667c,2594edde-622a-42f4-b100-3afa783f288a,DINING, Dining Table
1,,10.0,10.0,25.0,0.0,250.0,,0.15,37.5,26.338,,,3927bf34-2df2-4986-8897-a972dcbfa90f,/Date(1594853571576)/,d878a9cd-6f62-4855-a4be-9578ad5b6a6a,5ae34c27-1635-41c5-b68f-864d46cf94d0,NAIL-S,Small Nails
2,,10.0,10.0,25.0,0.0,250.0,,0.15,37.5,26.338,,,8eca92e1-a0a4-4ef8-bf9d-b8a153e1dd71,/Date(1594853571576)/,d878a9cd-6f62-4855-a4be-9578ad5b6a6a,e9b54fba-a319-4687-b58b-6bb239e718e6,NAIL-M,Medium Nails
3,,10.0,10.0,25.0,0.0,250.0,,0.15,37.5,26.338,,,99a96d0c-2a64-4f85-8eb4-38590e7574c7,/Date(1594853571576)/,d878a9cd-6f62-4855-a4be-9578ad5b6a6a,fc75cbc1-a373-4b84-b9d8-101a48fe5169,NAIL-L,Large Nails
1,,10.0,10.0,12.0,0.0,120.0,,0.15,18.0,12.6422,,,1d0604fe-1299-40e8-8940-d61e4e4f4c5c,/Date(1594248771576)/,2a5ce7c0-58b2-4d29-86ba-afdb8ad1a236,e19583a8-bbfb-4081-b394-a548c09ccf81,COUCH2,2-Seater Couch
1,,2.0,2.0,4.99,0.0,9.98,,0.15,1.5,7.4201,,,5956eb2d-8c76-4126-adc1-55def01fd857,/Date(1594075971576)/,32d28caa-b826-4281-8672-3f3bde6741ba,0e66193e-49b3-4ead-90ac-120c9bcf2e4e,SCREWS,Box of Screws
1,,2.0,2.0,147.5,0.0,295.0,,0.15,44.25,331.9082,,,c02f7606-09e9-451f-b7b5-940d50d72fd4,/Date(1588459971576)/,d6503e13-1b15-4f56-a9ff-e159843c41c7,023150ee-a88a-447b-82a6-7ad01747007c,STAIN,Dark Wood Stain
1,,1.0,1.0,185.0,0.0,185.0,,0.15,27.75,185.0,,,fa2d8980-366a-44c9-afeb-69b097614219,/Date(1587855171576)/,da8d1484-92a2-4b22-9954-6dbe2e23883a,1abaa214-cd71-4543-a3ad-bfa46b2b1114,COUCH3,3-Seater Couch
1,,2.0,2.0,25.0,0.0,50.0,,0.0,0.0,37.1747,,,8e42e3ac-c211-49b7-b910-ff96ee425df4,/Date(1586559171576)/,81fbba99-fb27-4ab7-a83d-6210a408879b,e9b54fba-a319-4687-b58b-6bb239e718e6,NAIL-M,Medium Nails
2,,1.0,1.0,999.0,0.0,999.0,,0.0,0.0,1485.5019,,,d81c0f18-9df1-4e8a-8fff-6e5be918576c,/Date(1586559171576)/,81fbba99-fb27-4ab7-a83d-6210a408879b,83dcb93a-4b75-4b61-9dc3-7a8854d2e3b3,CHAIR,Lounge Chair
1,,1.0,1.0,99.99,0.0,99.99,,0.0,0.0,148.684,,,465825b0-13fa-4d0a-a7c8-95db2bc1cd3f,/Date(1585867971576)/,de55d559-4b93-45ce-bd6e-d7b3b4c646b3,2594edde-622a-42f4-b100-3afa783f288a,DINING, Dining Table
1,,2.0,2.0,25.0,0.0,50.0,,0.15,7.5,25.0,,,4993007f-9bac-42e0-8aaa-aca6de36c265,/Date(1584744771576)/,06c142bf-452b-4467-9367-eac9c24d8b16,e9b54fba-a319-4687-b58b-6bb239e718e6,NAIL-M,Medium Nails
1,,1.0,1.0,99.99,0.0,99.99,,0.15,15.0,225.0,,,8d7409de-479e-4b44-a887-8529f8e915e1,/Date(1584139971576)/,53c490be-79b1-4620-a678-a3fdb34071a1,2594edde-622a-42f4-b100-3afa783f288a,DINING, Dining Table
1,,1.0,1.0,25.0,0.0,25.0,,0.15,3.75,25.0,,,cc5b0d74-4fb3-404c-8277-ecf8990850d9,/Date(1583707971576)/,2a377408-f7dd-4a30-8584-4d0d3686e91c,fc75cbc1-a373-4b84-b9d8-101a48fe5169,NAIL-L,Large Nails
2,,1.0,1.0,24.95,0.0,24.95,,0.15,3.74,24.95,,,e6a3e46d-3a15-48a1-b76c-fa4745603da4,/Date(1583707971576)/,2a377408-f7dd-4a30-8584-4d0d3686e91c,3f2489d7-fd00-417a-a983-0765ec40e43b,DININGCHAIR,Dining Chair
